{
    "model_type": "NNModel",
    "input_size": 1135,
    "hidden_sizes": [
        64
    ],
    "dropout": 0.0,
    "random_state": 4,
    "test_size": 0.2,
    "lr": 0.001,
    "weight_decay": 0.0,
    "epochs": 50,
    "batch_size": 64,
    "metrics": {
        "accuracy": 0.5031685678073511,
        "classification_report": {
            "0": {
                "precision": 0.5205811138014528,
                "recall": 0.5256723716381418,
                "f1-score": 0.5231143552311436,
                "support": 409.0
            },
            "1": {
                "precision": 0.48404255319148937,
                "recall": 0.4789473684210526,
                "f1-score": 0.48148148148148145,
                "support": 380.0
            },
            "accuracy": 0.5031685678073511,
            "macro avg": {
                "precision": 0.5023118334964711,
                "recall": 0.5023098700295973,
                "f1-score": 0.5022979183563125,
                "support": 789.0
            },
            "weighted avg": {
                "precision": 0.50298332795635,
                "recall": 0.5031685678073511,
                "f1-score": 0.5030630345405585,
                "support": 789.0
            }
        }
    },
    "encoder_path": "src/scuttle_bot/ml/nn/artifacts/encoder.pkl",
    "saved_at": "2026-07-20T15:24:32.386221"
}