{
    "variant": "C",
    "config": {
        "use_bans": false,
        "use_avg_tier": false,
        "use_player_stats": true
    },
    "random_states": [
        0,
        1,
        2,
        3,
        4
    ],
    "accuracies": [
        0.5880861850443599,
        0.5690747782002535,
        0.5640050697084917,
        0.6032953105196451,
        0.6083650190114068
    ],
    "mean_accuracy": 0.5865652724968314,
    "std_accuracy": 0.017733112732464078
}