{
    "model_type": "LogisticRegression",
    "random_state": 2,
    "test_size": 0.2,
    "C": 1.0,
    "max_iter": 5000,
    "solver": "saga",
    "metrics": {
        "accuracy": 0.5640050697084917,
        "classification_report": {
            "0": {
                "precision": 0.5938967136150235,
                "recall": 0.5966981132075472,
                "f1-score": 0.5952941176470589,
                "support": 424.0
            },
            "1": {
                "precision": 0.5289256198347108,
                "recall": 0.5260273972602739,
                "f1-score": 0.5274725274725275,
                "support": 365.0
            },
            "accuracy": 0.5640050697084917,
            "macro avg": {
                "precision": 0.5614111667248671,
                "recall": 0.5613627552339105,
                "f1-score": 0.5613833225597932,
                "support": 789.0
            },
            "weighted avg": {
                "precision": 0.5638403774555633,
                "recall": 0.5640050697084917,
                "f1-score": 0.5639191107855837,
                "support": 789.0
            }
        }
    },
    "encoder_path": "src/scuttle_bot/ml/logistic/artifacts/encoder.pkl",
    "saved_at": "2026-07-20T15:23:34.510443"
}