{
    "model_type": "LogisticRegression",
    "random_state": 0,
    "test_size": 0.2,
    "C": 1.0,
    "max_iter": 5000,
    "solver": "saga",
    "metrics": {
        "accuracy": 0.5880861850443599,
        "classification_report": {
            "0": {
                "precision": 0.6196868008948546,
                "recall": 0.6412037037037037,
                "f1-score": 0.6302616609783845,
                "support": 432.0
            },
            "1": {
                "precision": 0.5467836257309941,
                "recall": 0.5238095238095238,
                "f1-score": 0.5350500715307582,
                "support": 357.0
            },
            "accuracy": 0.5880861850443599,
            "macro avg": {
                "precision": 0.5832352133129244,
                "recall": 0.5825066137566137,
                "f1-score": 0.5826558662545713,
                "support": 789.0
            },
            "weighted avg": {
                "precision": 0.5867001931210926,
                "recall": 0.5880861850443599,
                "f1-score": 0.5871811319127285,
                "support": 789.0
            }
        }
    },
    "encoder_path": "src/scuttle_bot/ml/logistic/artifacts/encoder.pkl",
    "saved_at": "2026-07-20T15:23:33.317275"
}