{
    "model_type": "LogisticRegression",
    "random_state": 42,
    "test_size": 0.2,
    "C": 1.0,
    "max_iter": 5000,
    "solver": "saga",
    "metrics": {
        "accuracy": 0.4871060171919771,
        "classification_report": {
            "0": {
                "precision": 0.5263157894736842,
                "recall": 0.5291005291005291,
                "f1-score": 0.5277044854881267,
                "support": 189.0
            },
            "1": {
                "precision": 0.44025157232704404,
                "recall": 0.4375,
                "f1-score": 0.438871473354232,
                "support": 160.0
            },
            "accuracy": 0.4871060171919771,
            "macro avg": {
                "precision": 0.4832836809003641,
                "recall": 0.48330026455026454,
                "f1-score": 0.4832879794211793,
                "support": 349.0
            },
            "weighted avg": {
                "precision": 0.48685941485058265,
                "recall": 0.4871060171919771,
                "f1-score": 0.48697874926628376,
                "support": 349.0
            }
        }
    },
    "encoder_path": "src/scuttle_bot/ml/logistic/artifacts/encoder.pkl",
    "saved_at": "2026-06-22T03:20:12.026393"
}