{
    "variant": "A",
    "config": {
        "use_bans": false,
        "use_avg_tier": false,
        "use_player_stats": false
    },
    "random_states": [
        0,
        1,
        2,
        3,
        4
    ],
    "accuracies": [
        0.5437262357414449,
        0.5057034220532319,
        0.5285171102661597,
        0.5221799746514575,
        0.5171102661596958
    ],
    "mean_accuracy": 0.523447401774398,
    "std_accuracy": 0.01259799608597128
}