{
    "model_type": "RandomForestClassifier",
    "random_state": 4,
    "test_size": 0.2,
    "n_estimators": 500,
    "max_depth": null,
    "min_samples_split": 2,
    "min_samples_leaf": 1,
    "max_features": "sqrt",
    "metrics": {
        "accuracy": 0.5171102661596958,
        "classification_report": {
            "0": {
                "precision": 0.5297872340425532,
                "recall": 0.60880195599022,
                "f1-score": 0.5665529010238908,
                "support": 409.0
            },
            "1": {
                "precision": 0.49843260188087773,
                "recall": 0.41842105263157897,
                "f1-score": 0.45493562231759654,
                "support": 380.0
            },
            "accuracy": 0.5171102661596958,
            "macro avg": {
                "precision": 0.5141099179617155,
                "recall": 0.5136115043108995,
                "f1-score": 0.5107442616707436,
                "support": 789.0
            },
            "weighted avg": {
                "precision": 0.5146861437745726,
                "recall": 0.5171102661596958,
                "f1-score": 0.5127955297838505,
                "support": 789.0
            }
        }
    },
    "encoder_path": "src/scuttle_bot/ml/rf/artifacts/encoder.pkl",
    "saved_at": "2026-07-20T15:23:43.633055"
}