{
    "model_type": "RandomForestClassifier",
    "random_state": 1,
    "test_size": 0.2,
    "n_estimators": 500,
    "max_depth": null,
    "min_samples_split": 2,
    "min_samples_leaf": 1,
    "max_features": "sqrt",
    "metrics": {
        "accuracy": 0.5057034220532319,
        "classification_report": {
            "0": {
                "precision": 0.5623471882640587,
                "recall": 0.5215419501133787,
                "f1-score": 0.5411764705882353,
                "support": 441.0
            },
            "1": {
                "precision": 0.44473684210526315,
                "recall": 0.48563218390804597,
                "f1-score": 0.4642857142857143,
                "support": 348.0
            },
            "accuracy": 0.5057034220532319,
            "macro avg": {
                "precision": 0.5035420151846609,
                "recall": 0.5035870670107123,
                "f1-score": 0.5027310924369748,
                "support": 789.0
            },
            "weighted avg": {
                "precision": 0.5104734234183542,
                "recall": 0.5057034220532319,
                "f1-score": 0.5072626769338915,
                "support": 789.0
            }
        }
    },
    "encoder_path": "src/scuttle_bot/ml/rf/artifacts/encoder.pkl",
    "saved_at": "2026-07-20T15:23:41.673753"
}