{
    "model_type": "RandomForestClassifier",
    "random_state": 3,
    "test_size": 0.2,
    "n_estimators": 500,
    "max_depth": null,
    "min_samples_split": 2,
    "min_samples_leaf": 1,
    "max_features": "sqrt",
    "metrics": {
        "accuracy": 0.5221799746514575,
        "classification_report": {
            "0": {
                "precision": 0.536697247706422,
                "recall": 0.5721271393643031,
                "f1-score": 0.5538461538461539,
                "support": 409.0
            },
            "1": {
                "precision": 0.5042492917847026,
                "recall": 0.46842105263157896,
                "f1-score": 0.48567530695770805,
                "support": 380.0
            },
            "accuracy": 0.5221799746514575,
            "macro avg": {
                "precision": 0.5204732697455623,
                "recall": 0.520274095997941,
                "f1-score": 0.5197607304019309,
                "support": 789.0
            },
            "weighted avg": {
                "precision": 0.5210695883271401,
                "recall": 0.5221799746514575,
                "f1-score": 0.5210135533168644,
                "support": 789.0
            }
        }
    },
    "encoder_path": "src/scuttle_bot/ml/rf/artifacts/encoder.pkl",
    "saved_at": "2026-07-20T15:23:42.947184"
}