{
    "model_type": "LogisticRegression",
    "random_state": 2,
    "test_size": 0.2,
    "C": 1.0,
    "max_iter": 5000,
    "solver": "saga",
    "metrics": {
        "accuracy": 0.5259822560202788,
        "classification_report": {
            "0": {
                "precision": 0.5558035714285714,
                "recall": 0.5872641509433962,
                "f1-score": 0.5711009174311926,
                "support": 424.0
            },
            "1": {
                "precision": 0.4868035190615836,
                "recall": 0.4547945205479452,
                "f1-score": 0.4702549575070821,
                "support": 365.0
            },
            "accuracy": 0.5259822560202788,
            "macro avg": {
                "precision": 0.5213035452450775,
                "recall": 0.5210293357456708,
                "f1-score": 0.5206779374691374,
                "support": 789.0
            },
            "weighted avg": {
                "precision": 0.5238833951117773,
                "recall": 0.5259822560202788,
                "f1-score": 0.5244484771621175,
                "support": 789.0
            }
        }
    },
    "encoder_path": "src/scuttle_bot/ml/logistic/artifacts/encoder.pkl",
    "saved_at": "2026-07-20T15:23:32.447191"
}