{
    "model_type": "LogisticRegression",
    "random_state": 1,
    "test_size": 0.2,
    "C": 1.0,
    "max_iter": 5000,
    "solver": "saga",
    "metrics": {
        "accuracy": 0.5057034220532319,
        "classification_report": {
            "0": {
                "precision": 0.5626535626535627,
                "recall": 0.5192743764172335,
                "f1-score": 0.5400943396226415,
                "support": 441.0
            },
            "1": {
                "precision": 0.44502617801047123,
                "recall": 0.4885057471264368,
                "f1-score": 0.4657534246575342,
                "support": 348.0
            },
            "accuracy": 0.5057034220532319,
            "macro avg": {
                "precision": 0.5038398703320169,
                "recall": 0.5038900617718352,
                "f1-score": 0.5029238821400879,
                "support": 789.0
            },
            "weighted avg": {
                "precision": 0.5107722827349368,
                "recall": 0.5057034220532319,
                "f1-score": 0.5073051908167387,
                "support": 789.0
            }
        }
    },
    "encoder_path": "src/scuttle_bot/ml/logistic/artifacts/encoder.pkl",
    "saved_at": "2026-07-20T15:23:32.405301"
}