{
    "variant": "B",
    "config": {
        "use_bans": false,
        "use_avg_tier": true,
        "use_player_stats": false
    },
    "random_states": [
        0,
        1,
        2,
        3,
        4
    ],
    "accuracies": [
        0.5386565272496832,
        0.4955640050697085,
        0.5171102661596958,
        0.5297845373891001,
        0.5348542458808618
    ],
    "mean_accuracy": 0.5231939163498098,
    "std_accuracy": 0.015613549905637005
}