{
    "model_type": "RandomForestClassifier",
    "random_state": 4,
    "test_size": 0.2,
    "n_estimators": 500,
    "max_depth": null,
    "min_samples_split": 2,
    "min_samples_leaf": 1,
    "max_features": "sqrt",
    "metrics": {
        "accuracy": 0.5348542458808618,
        "classification_report": {
            "0": {
                "precision": 0.5433884297520661,
                "recall": 0.6430317848410758,
                "f1-score": 0.5890257558790594,
                "support": 409.0
            },
            "1": {
                "precision": 0.521311475409836,
                "recall": 0.41842105263157897,
                "f1-score": 0.4642335766423358,
                "support": 380.0
            },
            "accuracy": 0.5348542458808618,
            "macro avg": {
                "precision": 0.5323499525809511,
                "recall": 0.5307264187363274,
                "f1-score": 0.5266296662606975,
                "support": 789.0
            },
            "weighted avg": {
                "precision": 0.5327556760764673,
                "recall": 0.5348542458808618,
                "f1-score": 0.5289230586547818,
                "support": 789.0
            }
        }
    },
    "encoder_path": "src/scuttle_bot/ml/rf/artifacts/encoder.pkl",
    "saved_at": "2026-07-20T15:23:47.019152"
}