{
    "model_type": "RandomForestClassifier",
    "random_state": 0,
    "test_size": 0.2,
    "n_estimators": 500,
    "max_depth": null,
    "min_samples_split": 2,
    "min_samples_leaf": 1,
    "max_features": "sqrt",
    "metrics": {
        "accuracy": 0.5386565272496832,
        "classification_report": {
            "0": {
                "precision": 0.5752212389380531,
                "recall": 0.6018518518518519,
                "f1-score": 0.5882352941176471,
                "support": 432.0
            },
            "1": {
                "precision": 0.4896142433234421,
                "recall": 0.46218487394957986,
                "f1-score": 0.4755043227665706,
                "support": 357.0
            },
            "accuracy": 0.5386565272496832,
            "macro avg": {
                "precision": 0.5324177411307476,
                "recall": 0.5320183629007158,
                "f1-score": 0.5318698084421088,
                "support": 789.0
            },
            "weighted avg": {
                "precision": 0.5364865146865752,
                "recall": 0.5386565272496832,
                "f1-score": 0.5372277443428255,
                "support": 789.0
            }
        }
    },
    "encoder_path": "src/scuttle_bot/ml/rf/artifacts/encoder.pkl",
    "saved_at": "2026-07-20T15:23:44.414520"
}