{
    "model_type": "RandomForestClassifier",
    "random_state": 2,
    "test_size": 0.2,
    "n_estimators": 500,
    "max_depth": null,
    "min_samples_split": 2,
    "min_samples_leaf": 1,
    "max_features": "sqrt",
    "metrics": {
        "accuracy": 0.5171102661596958,
        "classification_report": {
            "0": {
                "precision": 0.5472527472527473,
                "recall": 0.5872641509433962,
                "f1-score": 0.5665529010238908,
                "support": 424.0
            },
            "1": {
                "precision": 0.47604790419161674,
                "recall": 0.43561643835616437,
                "f1-score": 0.45493562231759654,
                "support": 365.0
            },
            "accuracy": 0.5171102661596958,
            "macro avg": {
                "precision": 0.511650325722182,
                "recall": 0.5114402946497802,
                "f1-score": 0.5107442616707436,
                "support": 789.0
            },
            "weighted avg": {
                "precision": 0.5143126107289037,
                "recall": 0.5171102661596958,
                "f1-score": 0.5149175312801678,
                "support": 789.0
            }
        }
    },
    "encoder_path": "src/scuttle_bot/ml/rf/artifacts/encoder.pkl",
    "saved_at": "2026-07-20T15:23:45.688035"
}