{
    "model_type": "NNModel",
    "input_size": 1184,
    "hidden_sizes": [
        128,
        64
    ],
    "dropout": 0.2,
    "random_state": 2,
    "test_size": 0.2,
    "lr": 0.001,
    "weight_decay": 0.0,
    "epochs": 50,
    "batch_size": 64,
    "metrics": {
        "accuracy": 0.5652724968314322,
        "classification_report": {
            "0": {
                "precision": 0.5918367346938775,
                "recall": 0.6155660377358491,
                "f1-score": 0.6034682080924856,
                "support": 424.0
            },
            "1": {
                "precision": 0.5316091954022989,
                "recall": 0.5068493150684932,
                "f1-score": 0.5189340813464236,
                "support": 365.0
            },
            "accuracy": 0.5652724968314322,
            "macro avg": {
                "precision": 0.5617229650480882,
                "recall": 0.5612076764021712,
                "f1-score": 0.5612011447194546,
                "support": 789.0
            },
            "weighted avg": {
                "precision": 0.5639748185450484,
                "recall": 0.5652724968314322,
                "f1-score": 0.5643617996484899,
                "support": 789.0
            }
        }
    },
    "encoder_path": "src/scuttle_bot/ml/nn/artifacts/encoder.pkl",
    "saved_at": "2026-07-20T15:24:45.859691"
}