{
    "model_type": "NNModel",
    "input_size": 1184,
    "hidden_sizes": [
        128,
        64
    ],
    "dropout": 0.2,
    "random_state": 1,
    "test_size": 0.2,
    "lr": 0.001,
    "weight_decay": 0.0,
    "epochs": 50,
    "batch_size": 64,
    "metrics": {
        "accuracy": 0.5576679340937896,
        "classification_report": {
            "0": {
                "precision": 0.6223404255319149,
                "recall": 0.5306122448979592,
                "f1-score": 0.572827417380661,
                "support": 441.0
            },
            "1": {
                "precision": 0.49878934624697335,
                "recall": 0.5919540229885057,
                "f1-score": 0.5413929040735874,
                "support": 348.0
            },
            "accuracy": 0.5576679340937896,
            "macro avg": {
                "precision": 0.5605648858894441,
                "recall": 0.5612831339432325,
                "f1-score": 0.5571101607271243,
                "support": 789.0
            },
            "weighted avg": {
                "precision": 0.5678464133758191,
                "recall": 0.5576679340937896,
                "f1-score": 0.5589627651235487,
                "support": 789.0
            }
        }
    },
    "encoder_path": "src/scuttle_bot/ml/nn/artifacts/encoder.pkl",
    "saved_at": "2026-07-20T15:24:41.431294"
}