{
    "model_type": "NNModel",
    "input_size": 1184,
    "hidden_sizes": [
        128,
        64
    ],
    "dropout": 0.2,
    "random_state": 3,
    "test_size": 0.2,
    "lr": 0.001,
    "weight_decay": 0.0,
    "epochs": 50,
    "batch_size": 64,
    "metrics": {
        "accuracy": 0.5779467680608364,
        "classification_report": {
            "0": {
                "precision": 0.58675799086758,
                "recall": 0.628361858190709,
                "f1-score": 0.6068476977567887,
                "support": 409.0
            },
            "1": {
                "precision": 0.5669515669515669,
                "recall": 0.5236842105263158,
                "f1-score": 0.5444596443228454,
                "support": 380.0
            },
            "accuracy": 0.5779467680608364,
            "macro avg": {
                "precision": 0.5768547789095735,
                "recall": 0.5760230343585124,
                "f1-score": 0.575653671039817,
                "support": 789.0
            },
            "weighted avg": {
                "precision": 0.5772187752933278,
                "recall": 0.5779467680608364,
                "f1-score": 0.5768002195503268,
                "support": 789.0
            }
        }
    },
    "encoder_path": "src/scuttle_bot/ml/nn/artifacts/encoder.pkl",
    "saved_at": "2026-07-20T15:24:50.279468"
}