{
    "model_type": "NNModel",
    "input_size": 1184,
    "hidden_sizes": [
        128,
        64
    ],
    "dropout": 0.2,
    "random_state": 0,
    "test_size": 0.2,
    "lr": 0.001,
    "weight_decay": 0.0,
    "epochs": 50,
    "batch_size": 64,
    "metrics": {
        "accuracy": 0.5741444866920152,
        "classification_report": {
            "0": {
                "precision": 0.6137440758293838,
                "recall": 0.5995370370370371,
                "f1-score": 0.6065573770491803,
                "support": 432.0
            },
            "1": {
                "precision": 0.5286103542234333,
                "recall": 0.5434173669467787,
                "f1-score": 0.5359116022099447,
                "support": 357.0
            },
            "accuracy": 0.5741444866920152,
            "macro avg": {
                "precision": 0.5711772150264085,
                "recall": 0.5714772019919079,
                "f1-score": 0.5712344896295625,
                "support": 789.0
            },
            "weighted avg": {
                "precision": 0.5752234945704177,
                "recall": 0.5741444866920152,
                "f1-score": 0.5745921785477771,
                "support": 789.0
            }
        }
    },
    "encoder_path": "src/scuttle_bot/ml/nn/artifacts/encoder.pkl",
    "saved_at": "2026-07-20T15:24:37.011951"
}