{
    "model_type": "LogisticRegression",
    "random_state": 0,
    "test_size": 0.2,
    "C": 1.0,
    "max_iter": 5000,
    "solver": "saga",
    "metrics": {
        "accuracy": 0.5373891001267427,
        "classification_report": {
            "0": {
                "precision": 0.5791962174940898,
                "recall": 0.5671296296296297,
                "f1-score": 0.5730994152046783,
                "support": 432.0
            },
            "1": {
                "precision": 0.4890710382513661,
                "recall": 0.5014005602240896,
                "f1-score": 0.4951590594744122,
                "support": 357.0
            },
            "accuracy": 0.5373891001267427,
            "macro avg": {
                "precision": 0.534133627872728,
                "recall": 0.5342650949268597,
                "f1-score": 0.5341292373395452,
                "support": 789.0
            },
            "weighted avg": {
                "precision": 0.5384171439964315,
                "recall": 0.5373891001267427,
                "f1-score": 0.5378336268704514,
                "support": 789.0
            }
        }
    },
    "encoder_path": "src/scuttle_bot/ml/logistic/artifacts/encoder.pkl",
    "saved_at": "2026-07-20T15:23:32.022265"
}