{
    "model_type": "LogisticRegression",
    "random_state": 3,
    "test_size": 0.2,
    "C": 1.0,
    "max_iter": 5000,
    "solver": "saga",
    "metrics": {
        "accuracy": 0.5868187579214195,
        "classification_report": {
            "0": {
                "precision": 0.6014669926650367,
                "recall": 0.6014669926650367,
                "f1-score": 0.6014669926650367,
                "support": 409.0
            },
            "1": {
                "precision": 0.5710526315789474,
                "recall": 0.5710526315789474,
                "f1-score": 0.5710526315789474,
                "support": 380.0
            },
            "accuracy": 0.5868187579214195,
            "macro avg": {
                "precision": 0.586259812121992,
                "recall": 0.586259812121992,
                "f1-score": 0.586259812121992,
                "support": 789.0
            },
            "weighted avg": {
                "precision": 0.5868187579214195,
                "recall": 0.5868187579214195,
                "f1-score": 0.5868187579214195,
                "support": 789.0
            }
        }
    },
    "encoder_path": "src/scuttle_bot/ml/logistic/artifacts/encoder.pkl",
    "saved_at": "2026-07-20T15:23:38.339307"
}