{
    "model_type": "LogisticRegression",
    "random_state": 2,
    "test_size": 0.2,
    "C": 1.0,
    "max_iter": 5000,
    "solver": "saga",
    "metrics": {
        "accuracy": 0.5437262357414449,
        "classification_report": {
            "0": {
                "precision": 0.5751173708920188,
                "recall": 0.5778301886792453,
                "f1-score": 0.5764705882352941,
                "support": 424.0
            },
            "1": {
                "precision": 0.5068870523415978,
                "recall": 0.5041095890410959,
                "f1-score": 0.5054945054945055,
                "support": 365.0
            },
            "accuracy": 0.5437262357414449,
            "macro avg": {
                "precision": 0.5410022116168083,
                "recall": 0.5409698888601706,
                "f1-score": 0.5409825468648998,
                "support": 789.0
            },
            "weighted avg": {
                "precision": 0.5435532818287695,
                "recall": 0.5437262357414449,
                "f1-score": 0.5436362787290991,
                "support": 789.0
            }
        }
    },
    "encoder_path": "src/scuttle_bot/ml/logistic/artifacts/encoder.pkl",
    "saved_at": "2026-07-20T15:23:37.710950"
}