{
    "variant": "D",
    "config": {
        "use_bans": true,
        "use_avg_tier": false,
        "use_player_stats": true
    },
    "random_states": [
        0,
        1,
        2,
        3,
        4
    ],
    "accuracies": [
        0.5449936628643853,
        0.5437262357414449,
        0.5513307984790875,
        0.5703422053231939,
        0.5855513307984791
    ],
    "mean_accuracy": 0.5591888466413182,
    "std_accuracy": 0.016258674484993227
}