{
    "model_type": "NNModel",
    "input_size": 2800,
    "hidden_sizes": [
        256,
        128,
        64
    ],
    "dropout": 0.3,
    "random_state": 2,
    "test_size": 0.2,
    "lr": 0.001,
    "weight_decay": 0.0,
    "epochs": 50,
    "batch_size": 64,
    "metrics": {
        "accuracy": 0.5513307984790875,
        "classification_report": {
            "0": {
                "precision": 0.5760869565217391,
                "recall": 0.625,
                "f1-score": 0.5995475113122172,
                "support": 424.0
            },
            "1": {
                "precision": 0.5167173252279635,
                "recall": 0.4657534246575342,
                "f1-score": 0.4899135446685879,
                "support": 365.0
            },
            "accuracy": 0.5513307984790875,
            "macro avg": {
                "precision": 0.5464021408748514,
                "recall": 0.5453767123287672,
                "f1-score": 0.5447305279904026,
                "support": 789.0
            },
            "weighted avg": {
                "precision": 0.5486219179637821,
                "recall": 0.5513307984790875,
                "f1-score": 0.5488296433465332,
                "support": 789.0
            }
        }
    },
    "encoder_path": "src/scuttle_bot/ml/nn/artifacts/encoder.pkl",
    "saved_at": "2026-07-20T15:25:21.757924"
}