{
    "model_type": "NNModel",
    "input_size": 2800,
    "hidden_sizes": [
        256,
        128,
        64
    ],
    "dropout": 0.3,
    "random_state": 4,
    "test_size": 0.2,
    "lr": 0.001,
    "weight_decay": 0.0,
    "epochs": 50,
    "batch_size": 64,
    "metrics": {
        "accuracy": 0.5855513307984791,
        "classification_report": {
            "0": {
                "precision": 0.5957943925233645,
                "recall": 0.6234718826405868,
                "f1-score": 0.6093189964157706,
                "support": 409.0
            },
            "1": {
                "precision": 0.5734072022160664,
                "recall": 0.5447368421052632,
                "f1-score": 0.5587044534412956,
                "support": 380.0
            },
            "accuracy": 0.5855513307984791,
            "macro avg": {
                "precision": 0.5846007973697155,
                "recall": 0.584104362372925,
                "f1-score": 0.584011724928533,
                "support": 789.0
            },
            "weighted avg": {
                "precision": 0.5850122222866431,
                "recall": 0.5855513307984791,
                "f1-score": 0.5849419034749588,
                "support": 789.0
            }
        }
    },
    "encoder_path": "src/scuttle_bot/ml/nn/artifacts/encoder.pkl",
    "saved_at": "2026-07-20T15:25:39.910816"
}