{
    "variant": "D",
    "config": {
        "use_bans": true,
        "use_avg_tier": false,
        "use_player_stats": true
    },
    "random_states": [
        0,
        1,
        2,
        3,
        4
    ],
    "accuracies": [
        0.5956907477820025,
        0.6045627376425855,
        0.6032953105196451,
        0.6108998732572877,
        0.5944233206590621
    ],
    "mean_accuracy": 0.6017743979721166,
    "std_accuracy": 0.006073079113161434
}