{
    "model_type": "RandomForestClassifier",
    "random_state": 2,
    "test_size": 0.2,
    "n_estimators": 500,
    "max_depth": null,
    "min_samples_split": 2,
    "min_samples_leaf": 1,
    "max_features": "sqrt",
    "metrics": {
        "accuracy": 0.6032953105196451,
        "classification_report": {
            "0": {
                "precision": 0.6049149338374291,
                "recall": 0.7547169811320755,
                "f1-score": 0.6715634837355718,
                "support": 424.0
            },
            "1": {
                "precision": 0.6,
                "recall": 0.4273972602739726,
                "f1-score": 0.4992,
                "support": 365.0
            },
            "accuracy": 0.6032953105196451,
            "macro avg": {
                "precision": 0.6024574669187146,
                "recall": 0.5910571207030241,
                "f1-score": 0.5853817418677859,
                "support": 789.0
            },
            "weighted avg": {
                "precision": 0.6026412318720785,
                "recall": 0.6032953105196451,
                "f1-score": 0.5918262574193695,
                "support": 789.0
            }
        }
    },
    "encoder_path": "src/scuttle_bot/ml/rf/artifacts/encoder.pkl",
    "saved_at": "2026-07-20T15:23:53.448909"
}