{
    "model_type": "RandomForestClassifier",
    "random_state": 3,
    "test_size": 0.2,
    "n_estimators": 500,
    "max_depth": null,
    "min_samples_split": 2,
    "min_samples_leaf": 1,
    "max_features": "sqrt",
    "metrics": {
        "accuracy": 0.6108998732572877,
        "classification_report": {
            "0": {
                "precision": 0.5897887323943662,
                "recall": 0.8190709046454768,
                "f1-score": 0.6857727737973388,
                "support": 409.0
            },
            "1": {
                "precision": 0.665158371040724,
                "recall": 0.3868421052631579,
                "f1-score": 0.4891846921797005,
                "support": 380.0
            },
            "accuracy": 0.6108998732572877,
            "macro avg": {
                "precision": 0.6274735517175452,
                "recall": 0.6029565049543173,
                "f1-score": 0.5874787329885196,
                "support": 789.0
            },
            "weighted avg": {
                "precision": 0.6260884316156792,
                "recall": 0.6108998732572877,
                "f1-score": 0.5910915684555105,
                "support": 789.0
            }
        }
    },
    "encoder_path": "src/scuttle_bot/ml/rf/artifacts/encoder.pkl",
    "saved_at": "2026-07-20T15:23:54.248101"
}