{
    "model_type": "RandomForestClassifier",
    "random_state": 4,
    "test_size": 0.2,
    "n_estimators": 500,
    "max_depth": null,
    "min_samples_split": 2,
    "min_samples_leaf": 1,
    "max_features": "sqrt",
    "metrics": {
        "accuracy": 0.5944233206590621,
        "classification_report": {
            "0": {
                "precision": 0.581651376146789,
                "recall": 0.7750611246943765,
                "f1-score": 0.6645702306079665,
                "support": 409.0
            },
            "1": {
                "precision": 0.6229508196721312,
                "recall": 0.4,
                "f1-score": 0.48717948717948717,
                "support": 380.0
            },
            "accuracy": 0.5944233206590621,
            "macro avg": {
                "precision": 0.6023010979094601,
                "recall": 0.5875305623471883,
                "f1-score": 0.5758748588937268,
                "support": 789.0
            },
            "weighted avg": {
                "precision": 0.6015421094036077,
                "recall": 0.5944233206590621,
                "f1-score": 0.5791348915676343,
                "support": 789.0
            }
        }
    },
    "encoder_path": "src/scuttle_bot/ml/rf/artifacts/encoder.pkl",
    "saved_at": "2026-07-20T15:23:55.030341"
}