{
    "model_type": "RandomForestClassifier",
    "random_state": 1,
    "test_size": 0.2,
    "n_estimators": 500,
    "max_depth": null,
    "min_samples_split": 2,
    "min_samples_leaf": 1,
    "max_features": "sqrt",
    "metrics": {
        "accuracy": 0.6045627376425855,
        "classification_report": {
            "0": {
                "precision": 0.6329896907216495,
                "recall": 0.6961451247165533,
                "f1-score": 0.6630669546436285,
                "support": 441.0
            },
            "1": {
                "precision": 0.5592105263157895,
                "recall": 0.4885057471264368,
                "f1-score": 0.5214723926380368,
                "support": 348.0
            },
            "accuracy": 0.6045627376425855,
            "macro avg": {
                "precision": 0.5961001085187194,
                "recall": 0.5923254359214951,
                "f1-score": 0.5922696736408326,
                "support": 789.0
            },
            "weighted avg": {
                "precision": 0.6004483102232473,
                "recall": 0.6045627376425855,
                "f1-score": 0.6006146002989569,
                "support": 789.0
            }
        }
    },
    "encoder_path": "src/scuttle_bot/ml/rf/artifacts/encoder.pkl",
    "saved_at": "2026-07-20T15:23:52.679212"
}