{
    "model_type": "RandomForestClassifier",
    "random_state": 1,
    "test_size": 0.2,
    "n_estimators": 500,
    "max_depth": null,
    "min_samples_split": 2,
    "min_samples_leaf": 1,
    "max_features": "sqrt",
    "metrics": {
        "accuracy": 0.6032953105196451,
        "classification_report": {
            "0": {
                "precision": 0.6285140562248996,
                "recall": 0.7097505668934241,
                "f1-score": 0.6666666666666666,
                "support": 441.0
            },
            "1": {
                "precision": 0.5601374570446735,
                "recall": 0.46839080459770116,
                "f1-score": 0.5101721439749609,
                "support": 348.0
            },
            "accuracy": 0.6032953105196451,
            "macro avg": {
                "precision": 0.5943257566347866,
                "recall": 0.5890706857455626,
                "f1-score": 0.5884194053208138,
                "support": 789.0
            },
            "weighted avg": {
                "precision": 0.5983555562062448,
                "recall": 0.6032953105196451,
                "f1-score": 0.5976424665440893,
                "support": 789.0
            }
        }
    },
    "encoder_path": "src/scuttle_bot/ml/rf/artifacts/encoder.pkl",
    "saved_at": "2026-07-20T15:23:48.681487"
}