{
    "model_type": "RandomForestClassifier",
    "random_state": 2,
    "test_size": 0.2,
    "n_estimators": 500,
    "max_depth": null,
    "min_samples_split": 2,
    "min_samples_leaf": 1,
    "max_features": "sqrt",
    "metrics": {
        "accuracy": 0.6096324461343473,
        "classification_report": {
            "0": {
                "precision": 0.6137254901960785,
                "recall": 0.7382075471698113,
                "f1-score": 0.6702355460385439,
                "support": 424.0
            },
            "1": {
                "precision": 0.6021505376344086,
                "recall": 0.4602739726027397,
                "f1-score": 0.5217391304347826,
                "support": 365.0
            },
            "accuracy": 0.6096324461343473,
            "macro avg": {
                "precision": 0.6079380139152435,
                "recall": 0.5992407598862755,
                "f1-score": 0.5959873382366632,
                "support": 789.0
            },
            "weighted avg": {
                "precision": 0.608370790975534,
                "recall": 0.6096324461343473,
                "f1-score": 0.6015394855881347,
                "support": 789.0
            }
        }
    },
    "encoder_path": "src/scuttle_bot/ml/rf/artifacts/encoder.pkl",
    "saved_at": "2026-07-20T15:23:49.432035"
}