{
    "model_type": "RandomForestClassifier",
    "random_state": 4,
    "test_size": 0.2,
    "n_estimators": 500,
    "max_depth": null,
    "min_samples_split": 2,
    "min_samples_leaf": 1,
    "max_features": "sqrt",
    "metrics": {
        "accuracy": 0.5817490494296578,
        "classification_report": {
            "0": {
                "precision": 0.5714285714285714,
                "recall": 0.7726161369193154,
                "f1-score": 0.656964656964657,
                "support": 409.0
            },
            "1": {
                "precision": 0.6059322033898306,
                "recall": 0.3763157894736842,
                "f1-score": 0.4642857142857143,
                "support": 380.0
            },
            "accuracy": 0.5817490494296578,
            "macro avg": {
                "precision": 0.588680387409201,
                "recall": 0.5744659631964998,
                "f1-score": 0.5606251856251856,
                "support": 789.0
            },
            "weighted avg": {
                "precision": 0.58804629024388,
                "recall": 0.5817490494296578,
                "f1-score": 0.5641661801357619,
                "support": 789.0
            }
        }
    },
    "encoder_path": "src/scuttle_bot/ml/rf/artifacts/encoder.pkl",
    "saved_at": "2026-07-20T15:23:50.943230"
}